<?xml version="1.0"?>
<ruleset name="PMD rule set"
         xmlns="http://pmd.sourceforge.net/ruleset/2.0.0"
         xmlns:xsi="http://www.w3.org/2001/XMLSchema-instance"
         xsi:schemaLocation="http://pmd.sourceforge.net/ruleset/2.0.0 https://pmd.sourceforge.io/ruleset_2_0_0.xsd">

  <description>HMCTS PMD rule set</description>

  <rule ref="category/java/bestpractices.xml">
    <exclude name="GuardLogStatement"/>
    <exclude name="JUnitTestContainsTooManyAsserts"/>
    <exclude name="JUnitAssertionsShouldIncludeMessage"/>
    <exclude name="JUnitTestsShouldIncludeAssert"/>
    <exclude name="UnusedFormalParameter"/>
  </rule>
  <rule ref="category/java/bestpractices.xml/UnusedPrivateField">
    <properties>
      <property name="ignoredAnnotations" value="Autowired" />
    </properties>
  </rule>
  <rule ref="category/java/codestyle.xml">
    <exclude name="AtLeastOneConstructor"/>
    <exclude name="LocalVariableCouldBeFinal"/>
    <exclude name="LongVariable"/>
    <exclude name="MethodArgumentCouldBeFinal"/>
    <exclude name="OnlyOneReturn"/>
    <exclude name="TooManyStaticImports"/>
    <exclude name="DefaultPackage"/>
    <exclude name="CommentDefaultAccessModifier"/>
    <exclude name="FieldNamingConventions"/>
    <exclude name="UnnecessaryAnnotationValueElement"/>
    <exclude name="LinguisticNaming"/>
    <exclude name="ConfusingTernary"/>
  </rule>
  <rule ref="category/java/codestyle.xml/ClassNamingConventions">
    <properties>
      <!-- same as any other class -->
      <property name="utilityClassPattern" value="[A-Z][a-zA-Z]+"/>
    </properties>
  </rule>
  <rule ref="category/java/codestyle.xml/MethodNamingConventions">
    <properties>
      <property name="junit4TestPattern" value="[a-z][a-zA-Z0-9_]+"/>
    </properties>
  </rule>
  <rule ref="category/java/codestyle.xml/ShortVariable">
    <properties>
      <property name="minimum" value="2"/>
    </properties>
  </rule>
  <rule ref="category/java/design.xml">
    <exclude name="AvoidCatchingGenericException"/>
    <exclude name="UseUtilityClass"/>
    <exclude name="LoosePackageCoupling"/>
    <exclude name="DataClass"/>
    <exclude name="TooManyFields"/>
    <exclude name="UseObjectForClearerAPI"/>
    <exclude name="LawOfDemeter"/>
  </rule>
  <rule ref="category/java/design.xml/SignatureDeclareThrowsException">
    <properties>
      <property name="IgnoreJUnitCompletely" value="true"/>
    </properties>
  </rule>
  <rule ref="category/java/documentation.xml">
    <exclude name="CommentRequired"/>
    <exclude name="CommentSize"/>
    <exclude name="UncommentedEmptyMethodBody"/>
  </rule>
  <rule ref="category/java/errorprone.xml">
    <exclude name="BeanMembersShouldSerialize"/>
    <exclude name="AvoidDuplicateLiterals"/>
    <exclude name="DataflowAnomalyAnalysis"/>
  </rule>
  <rule ref="category/java/multithreading.xml">
    <exclude name="UseConcurrentHashMap"/>
    <exclude name="DoNotUseThreads"/>
  </rule>
  <rule ref="category/java/performance.xml"/>
  <rule ref="category/java/security.xml"/>
  <rule ref="category/java/design.xml/ExcessiveImports">
    <properties>
      <property name="minimum" value="55.0" />
    </properties>
  </rule>
  <rule ref="category/java/codestyle.xml/UseUnderscoresInNumericLiterals">
    <properties>
      <property name="acceptableDecimalLength" value="16" />
    </properties>
  </rule>
  <rule ref="category/java/design.xml/TooManyMethods">
    <properties>
      <property name="maxmethods" value="20" />
    </properties>
  </rule>
  <rule ref="category/java/design.xml/NPathComplexity">
    <properties>
      <property name="reportLevel" value="35000" />
    </properties>
  </rule>
  <rule ref="category/java/design.xml/CyclomaticComplexity">
    <properties>
      <property name="classReportLevel" value="80" />
      <property name="methodReportLevel" value="20" />
      <property name="cycloOptions" value="" />
    </properties>
  </rule>

</ruleset>
