<?xml version="1.0" encoding="UTF-8"?>
<suppressions xmlns="https://jeremylong.github.io/DependencyCheck/dependency-suppression.1.3.xsd">
    <suppress>
      <notes>commons-io.2.6</notes>
      <cve>CVE-2021-29425</cve>
    </suppress>
    <suppress>
      <notes>commons-compress-1.18</notes>
      <cve>CVE-2019-12402</cve>
      <cve>CVE-2021-35515</cve>
      <cve>CVE-2021-35516</cve>
      <cve>CVE-2021-35517</cve>
      <cve>CVE-2021-36090</cve>
    </suppress>
    <suppress>
    <notes>poi-*.4.0.0</notes>
      <cve>CVE-2019-12415</cve>
    </suppress>
    <suppress>
      <notes>Tomcat 9.0.45</notes>
      <cve>CVE-2021-30640</cve>
      <cve>CVE-2021-33037</cve>
      <cve>CVE-2021-42340</cve>
    </suppress>
</suppressions>
